title,season,schedule,placeName,placeLink,duration,classification/image,image,placeTitle,address,price,placeSeats,Valor do show (80%)
4 Amigos - Gravação do Especial Fila de Piadas,Estreia dia 6 de Maio (sábado). até 7 de Maio,"Sábado, às 21h e às 23h59; Domingo, às 17h e às 20h","<img src=""/templates/images/icon_pin_traced.svg"" class=""icon_pin"">Vibra São Paulo",https://www.sampaingressos.com.br/local/Vibra%20S%C3%A3o%20Paulo__1000131,1h com possibilidade de estender por mais tempo.,https://www.sampaingressos.com.br/templates/images/18anos.svg,https://sampaingressos.com.br/fotosEspetaculos/foto_123603.jpg,Vibra São Paulo (7000 lugares),"Avenida das Nações Unidas, 17955 - Vila Almeida","R$ 50,00",7000,"R$ 280.000,00"
Escola da Comédia Show,Sessão única hoje (quinta),"Quinta, às 21h","<img src=""/templates/images/icon_pin_traced.svg"" class=""icon_pin"">Clube Barbixas de Comédia",https://www.sampaingressos.com.br/local/Clube%20Barbixas%20de%20Com%C3%A9dia__2925,"<img width=""18"" src=""/templates/images/18anos.svg"" class=""img_classificacao"">18 anos",https://www.sampaingressos.com.br/templates/images/18anos.svg,https://sampaingressos.com.br/fotosEspetaculos/foto_123928.jpg,Clube Barbixas de Comédia (280 lugares),"R. Augusta, 1129 - Consolação","R$ 25,00",280,"R$ 5.600,00"
Nando Viana - Como faz para ficar aqui?,até 26 de Maio,"Sextas, às 22h","<img src=""/templates/images/icon_pin_traced.svg"" class=""icon_pin"">Teatro Morumbi Shopping",https://www.sampaingressos.com.br/local/Teatro%20Morumbi%20Shopping__1892,70 minutos.,https://www.sampaingressos.com.br/templates/images/14anos.svg,https://sampaingressos.com.br/fotosEspetaculos/foto_122755.jpg,Teatro Morumbi Shopping (250 lugares),"Av. Roque Petroni Júnior, 1089 - Piso G1 do Shopping - Morumbi","R$ 35,00",250,"R$ 7.000,00"
Comédia ao Vivo,até 27 de Maio,"Sextas e Sábados, às 23h59","<img src=""/templates/images/icon_pin_traced.svg"" class=""icon_pin"">Teatro Renaissance",https://www.sampaingressos.com.br/local/Teatro%20Renaissance__47,80 minutos.,https://www.sampaingressos.com.br/templates/images/16anos.svg,https://sampaingressos.com.br/fotosEspetaculos/foto_82977.jpg,Teatro Renaissance (440 lugares),"Alameda Santos, 2233 - Cerqueira César","R$ 49,00",440,"R$ 17.248,00"
Diogo Portugal Stand-up Comedy,até 29 de Abril,"Sábados, às 21h","<img src=""/templates/images/icon_pin_traced.svg"" class=""icon_pin"">Comedy Sampa Club",https://www.sampaingressos.com.br/local/Comedy%20Sampa%20Club__2555,80 minutos.,https://www.sampaingressos.com.br/templates/images/16anos.svg,https://sampaingressos.com.br/fotosEspetaculos/foto_115070.jpg,Comedy Sampa Club,"Rua Domingos de Morais, 348 - Vila Mariana","R$ 31,90",500,"R$ 12.760,00"
Fábio Rabin - Muita Treta,até 27 de Maio,"Sábados, às 22h30","<img src=""/templates/images/icon_pin_traced.svg"" class=""icon_pin"">Teatro Opus Frei Caneca",https://www.sampaingressos.com.br/local/Teatro%20Opus%20Frei%20Caneca__60,90 minutos.,https://www.sampaingressos.com.br/templates/images/16anos.svg,https://sampaingressos.com.br/fotosEspetaculos/foto_114720.jpg,Teatro Opus Frei Caneca,"Rua Frei Caneca, 569 - Shopping Frei Caneca, 7° andar - Bela Vista","R$ 59,00",600,"R$ 28.320,00"
Oscar Filho em Alto-Biografia Não Autorizada,até 27 de Maio,"Sábados, às 21h30","<img src=""/templates/images/icon_pin_traced.svg"" class=""icon_pin"">Teatro Morumbi Shopping",https://www.sampaingressos.com.br/local/Teatro%20Morumbi%20Shopping__1892,60 minutos.,https://www.sampaingressos.com.br/templates/images/14anos.svg,https://sampaingressos.com.br/fotosEspetaculos/foto_115720.jpg,Teatro Morumbi Shopping (250 lugares),"Av. Roque Petroni Júnior, 1089 - Piso G1 do Shopping - Morumbi","R$ 29,90",250,"R$ 5.980,00"
Afonso Padilha Stand-up Comedy,até 29 de Junho,"Quintas, às 21h","<img src=""/templates/images/icon_pin_traced.svg"" class=""icon_pin"">Comedy Sampa Club",https://www.sampaingressos.com.br/local/Comedy%20Sampa%20Club__2555,80 minutos.,https://www.sampaingressos.com.br/templates/images/16anos.svg,https://sampaingressos.com.br/fotosEspetaculos/foto_115187.jpg,Comedy Sampa Club,"Rua Domingos de Morais, 348 - Vila Mariana","R$ 49,90",500,"R$ 19.960,00"
Bruno Motta e convidados - Zoando a semana,até 28 de Junho,"Quartas, às 21h30","<img src=""/templates/images/icon_pin_traced.svg"" class=""icon_pin"">Bixiga Comedy Club",https://www.sampaingressos.com.br/local/Bixiga%20Comedy%20Club__2842,"<img width=""18"" src=""/templates/images/14anos.svg"" class=""img_classificacao"">14 anos",https://www.sampaingressos.com.br/templates/images/14anos.svg,https://sampaingressos.com.br/fotosEspetaculos/foto_120142.jpg,Bixiga Comedy Club,"Rua Rui Barbosa, 574 - Bela Vista","R$ 9,90",100,"R$ 792,00"
Date Ruim - Stand-up Comedy,até 29 de Junho,"Quintas, às 20h","<img src=""/templates/images/icon_pin_traced.svg"" class=""icon_pin"">Bixiga Comedy Club",https://www.sampaingressos.com.br/local/Bixiga%20Comedy%20Club__2842,70 minutos,https://www.sampaingressos.com.br/templates/images/14anos.svg,https://sampaingressos.com.br/fotosEspetaculos/foto_120678.jpg,Bixiga Comedy Club,"Rua Rui Barbosa, 574 - Bela Vista","R$ 20,00",100,"R$ 1.600,00"
Gato Mau - Santiago Mello,até 27 de Abril,"Quintas, às 21h35 (exceto 20/04)","<img src=""/templates/images/icon_pin_traced.svg"" class=""icon_pin"">Bixiga Comedy Club",https://www.sampaingressos.com.br/local/Bixiga%20Comedy%20Club__2842,80 minutos,https://www.sampaingressos.com.br/templates/images/14anos.svg,https://sampaingressos.com.br/fotosEspetaculos/foto_122422.jpg,Bixiga Comedy Club,"Rua Rui Barbosa, 574 - Bela Vista","R$ 20,00",100,"R$ 1.600,00"
Thiago Ventura em Modo Efetivo - Parte 2,até 25 de Maio,"Quintas, às 21h30","<img src=""/templates/images/icon_pin_traced.svg"" class=""icon_pin"">Teatro Opus Frei Caneca",https://www.sampaingressos.com.br/local/Teatro%20Opus%20Frei%20Caneca__60,80 minutos.,https://www.sampaingressos.com.br/templates/images/16anos.svg,https://sampaingressos.com.br/fotosEspetaculos/foto_121585.jpg,Teatro Opus Frei Caneca,"Rua Frei Caneca, 569 - Shopping Frei Caneca, 7° andar - Bela Vista","R$ 40,00",600,"R$ 19.200,00"
Risadas Pretas Importam,Dia 28 de Abril (sexta),"Sexta, às 21h","<img src=""/templates/images/icon_pin_traced.svg"" class=""icon_pin"">Comedy Sampa Club",https://www.sampaingressos.com.br/local/Comedy%20Sampa%20Club__2555,90 minutos,https://www.sampaingressos.com.br/templates/images/14anos.svg,https://sampaingressos.com.br/fotosEspetaculos/foto_123734.jpeg,Comedy Sampa Club,"Rua Domingos de Morais, 348 - Vila Mariana","R$ 60,00",500,"R$ 24.000,00"
Murilo Couto - Ideias Soltas,Estreia dia 12 de Maio (sexta). até 26 de Maio,"Sextas, às 23h59.","<img src=""/templates/images/icon_pin_traced.svg"" class=""icon_pin"">Teatro Opus Frei Caneca",https://www.sampaingressos.com.br/local/Teatro%20Opus%20Frei%20Caneca__60,70 minutos,https://www.sampaingressos.com.br/templates/images/16anos.svg,https://sampaingressos.com.br/fotosEspetaculos/foto_123956.jpg,Teatro Opus Frei Caneca,"Rua Frei Caneca, 569 - Shopping Frei Caneca, 7° andar - Bela Vista","R$ 40,00",600,"R$ 19.200,00"
Véspera de Feriado - Festivalzão - Standup Comedy,Dia 30 de Abril (domingo),"Domingo, às 23h","<img src=""/templates/images/icon_pin_traced.svg"" class=""icon_pin"">Bixiga Comedy Club",https://www.sampaingressos.com.br/local/Bixiga%20Comedy%20Club__2842,80 minutos,https://www.sampaingressos.com.br/templates/images/16anos.svg,https://sampaingressos.com.br/fotosEspetaculos/foto_124089.jpg,Bixiga Comedy Club,"Rua Rui Barbosa, 574 - Bela Vista","R$ 20,00",100,"R$ 1.600,00"
Maurício Meirelles: Meus Achismos,até 27 de Maio,"Sábados, às 22h30","<img src=""/templates/images/icon_pin_traced.svg"" class=""icon_pin"">Teatro das Artes",https://www.sampaingressos.com.br/local/Teatro%20das%20Artes__63,90 minutos,https://www.sampaingressos.com.br/templates/images/16anos.svg,,Teatro das Artes (769 lugares),"Avenida Rebouças, 3970 (Shopping Eldorado) - Pinheiros","R$ 72,00",769,"R$ 44.294,40"
Rodrigo Marques,até 21 de Maio,"Domingos, às 20h30.","<img src=""/templates/images/icon_pin_traced.svg"" class=""icon_pin"">Teatro Opus Frei Caneca",https://www.sampaingressos.com.br/local/Teatro%20Opus%20Frei%20Caneca__60,70 minutos.,https://www.sampaingressos.com.br/templates/images/livre.svg,https://sampaingressos.com.br/fotosEspetaculos/foto_123043.jpg,Teatro Opus Frei Caneca,"Rua Frei Caneca, 569 - Shopping Frei Caneca, 7° andar - Bela Vista","R$ 40,00",600,"R$ 19.200,00"
Bruna Louise,até 26 de Maio,"Sextas, às 22h30","<img src=""/templates/images/icon_pin_traced.svg"" class=""icon_pin"">Teatro Opus Frei Caneca",https://www.sampaingressos.com.br/local/Teatro%20Opus%20Frei%20Caneca__60,70 minutos.,https://www.sampaingressos.com.br/templates/images/16anos.svg,https://sampaingressos.com.br/fotosEspetaculos/foto_117711.jpg,Teatro Opus Frei Caneca,"Rua Frei Caneca, 569 - Shopping Frei Caneca, 7° andar - Bela Vista","R$ 59,00",600,"R$ 28.320,00"
4 Amigos,até 25 de Maio,"Quintas, às 20h30 (exceto 20/04, 27/04 e 04/05)","<img src=""/templates/images/icon_pin_traced.svg"" class=""icon_pin"">Teatro Santo Agostinho",https://www.sampaingressos.com.br/local/Teatro%20Santo%20Agostinho__59,70 minutos.,https://www.sampaingressos.com.br/templates/images/16anos.svg,https://sampaingressos.com.br/fotosEspetaculos/foto_113128.jpg,Teatro Santo Agostinho (680 lugares),"Rua Apeninos, 118 (próx. estação Vergueiro do Metrô) - Liberdade","R$ 55,00",680,"R$ 29.920,00"
Bixiga Comedy apresenta: 33 Risos Festival,até 25 de Novembro,"Sábados, às 23h","<img src=""/templates/images/icon_pin_traced.svg"" class=""icon_pin"">Bixiga Comedy Club",https://www.sampaingressos.com.br/local/Bixiga%20Comedy%20Club__2842,"<img width=""18"" src=""/templates/images/14anos.svg"" class=""img_classificacao"">14 anos",https://www.sampaingressos.com.br/templates/images/14anos.svg,https://sampaingressos.com.br/fotosEspetaculos/foto_118036.jpg,Bixiga Comedy Club,"Rua Rui Barbosa, 574 - Bela Vista","R$ 20,00",100,"R$ 1.600,00"
Wagner Rodrigues - Desventuras de um quarentão,até 28 de Julho,"Sextas, às 21h30","<img src=""/templates/images/icon_pin_traced.svg"" class=""icon_pin"">Teatro Ruth Escobar - Sala Miriam Muniz",https://www.sampaingressos.com.br/local/Teatro%20Ruth%20Escobar%20-%20Sala%20Miriam%20Muniz__62,"<img width=""18"" src=""/templates/images/16anos.svg"" class=""img_classificacao"">16 anos",https://www.sampaingressos.com.br/templates/images/16anos.svg,https://sampaingressos.com.br/fotosEspetaculos/foto_118557.jpg,Teatro Ruth Escobar (99 lugares),"Rua dos Ingleses, 209 - Bela Vista","R$ 15,00",99,"R$ 1.188,00"
Matheus Ceará em Vocês Pedem Eu Conto,até 10 de Maio,"Quartas, às 21h (no dia 26/04 será às 22h)","<img src=""/templates/images/icon_pin_traced.svg"" class=""icon_pin"">Comedy Sampa Club",https://www.sampaingressos.com.br/local/Comedy%20Sampa%20Club__2555,80 minutos.,https://www.sampaingressos.com.br/templates/images/14anos.svg,https://sampaingressos.com.br/fotosEspetaculos/foto_119186.jpg,Comedy Sampa Club,"Rua Domingos de Morais, 348 - Vila Mariana","R$ 35,00",500,"R$ 14.000,00"
Comédia Classe A,até 29 de Abril,"Sábados, às 23h","<img src=""/templates/images/icon_pin_traced.svg"" class=""icon_pin"">Beverly Comedy",https://www.sampaingressos.com.br/local/Beverly%20Comedy__2150,70 minutos,https://www.sampaingressos.com.br/templates/images/16anos.svg,https://sampaingressos.com.br/fotosEspetaculos/foto_122814.jpg,Beverly Comedy,"Av. Jurucê, 1001 - Moema","R$ 19,90",140,"R$ 2.228,80"
Mais que um show,Dia 9 de Maio (terça),"Terça, às 21h","<img src=""/templates/images/icon_pin_traced.svg"" class=""icon_pin"">Comedy Sampa Club",https://www.sampaingressos.com.br/local/Comedy%20Sampa%20Club__2555,90 minutos.,https://www.sampaingressos.com.br/templates/images/14anos.svg,https://sampaingressos.com.br/fotosEspetaculos/foto_122855.jpg,Comedy Sampa Club,"Rua Domingos de Morais, 348 - Vila Mariana","R$ 70,00",500,"R$ 28.000,00"
Gui Preto - Deixa eu  te contar um negócio,Dia 28 de Abril (sexta),"Sexta, às 21h","<img src=""/templates/images/icon_pin_traced.svg"" class=""icon_pin"">Bixiga Comedy Club",https://www.sampaingressos.com.br/local/Bixiga%20Comedy%20Club__2842,80 minutos,https://www.sampaingressos.com.br/templates/images/14anos.svg,https://sampaingressos.com.br/fotosEspetaculos/foto_123812.jpg,Bixiga Comedy Club,"Rua Rui Barbosa, 574 - Bela Vista","R$ 20,00",100,"R$ 1.600,00"
Nando Viana em São Caetano do Sul,Dia 29 de Abril (sábado),"Sábado, às 21h.","<img src=""/templates/images/icon_pin_traced.svg"" class=""icon_pin"">Teatro Santos Dumont",https://www.sampaingressos.com.br/local/Teatro%20Santos%20Dumont__181,70 minutos,https://www.sampaingressos.com.br/templates/images/16anos.svg,https://sampaingressos.com.br/fotosEspetaculos/foto_123810.jpg,Teatro Santos Dumont,"Avenida Goiás, 1111 - Santo Antônio","R$ 35,00",388,"R$ 10.864,00"
Niny Magalhães em Osasco - Uma Mãe Vida Loka,Dia 30 de Abril (domingo),"Domingo, às 19h","<img src=""/templates/images/icon_pin_traced.svg"" class=""icon_pin"">Oz Comedy",https://www.sampaingressos.com.br/local/Oz%20Comedy__1000084,70 minutos,https://www.sampaingressos.com.br/templates/images/18anos.svg,https://sampaingressos.com.br/fotosEspetaculos/foto_124053.jpg,Oz Comedy (125 lugares),"Av. Dionysia Alves Barreto, 500 - loja 1 e 26 - Vila Osasco","R$ 30,00",125,"R$ 3.000,00"
Marco Luque: Dilatados,até 18 de Maio,"Quintas (20/04 e 18/05), às 20h","<img src=""/templates/images/icon_pin_traced.svg"" class=""icon_pin"">Teatro das Artes",https://www.sampaingressos.com.br/local/Teatro%20das%20Artes__63,"<img width=""18"" src=""/templates/images/14anos.svg"" class=""img_classificacao"">14 anos",https://www.sampaingressos.com.br/templates/images/14anos.svg,https://sampaingressos.com.br/fotosEspetaculos/foto_118843.jpg,Teatro das Artes (769 lugares),"Avenida Rebouças, 3970 (Shopping Eldorado) - Pinheiros","R$ 50,00",769,"R$ 30.760,00"
Noite de Comédia Secreta,até 30 de Junho,"Sextas, às 22h","<img src=""/templates/images/icon_pin_traced.svg"" class=""icon_pin"">My F... Comedy Club",https://www.sampaingressos.com.br/local/My%20F...%20Comedy%20Club__1000040,70 minutos.,https://www.sampaingressos.com.br/templates/images/18anos.svg,https://sampaingressos.com.br/fotosEspetaculos/foto_120456.jpg,My F... Comedy Club (90 lugares),"Alameda Santos, 1518 - Jardim Paulista","R$ 19,90",90,"R$ 1.432,80"
Sábado do Standup Comedy,Dia 29 de Abril (sábado),"Sábado, às 20h","<img src=""/templates/images/icon_pin_traced.svg"" class=""icon_pin"">Acústico Comedy",https://www.sampaingressos.com.br/local/Ac%C3%BAstico%20Comedy__2749,80 minutos,https://www.sampaingressos.com.br/templates/images/14anos.svg,https://sampaingressos.com.br/fotosEspetaculos/foto_123187.jpg,Acústico Comedy (50 lugares),"Rua da Consolação, 2518 - Consolação","R$ 15,00",50,"R$ 600,00"
Stand Up na Zona Norte/SP - TriMais Places + Risoterapia Comedy,até 27 de Maio,"Sábados, às 20h.","<img src=""/templates/images/icon_pin_traced.svg"" class=""icon_pin"">Teatro Places - Shopping TriMais Places - Piso 1",https://www.sampaingressos.com.br/local/Teatro%20Places%20-%20Shopping%20TriMais%20Places%20-%20Piso%201__1000112,"<img width=""18"" src=""/templates/images/16anos.svg"" class=""img_classificacao"">16 anos",https://www.sampaingressos.com.br/templates/images/16anos.svg,https://sampaingressos.com.br/fotosEspetaculos/foto_123349.jpg,Teatro Places - Shopping TriMais Places - Piso 1 (150 lugares),"Av. Tucuruvi, 220 - Tucuruvi","R$ 18,00",150,"R$ 2.160,00"
Feliz Sexta - Stand-up Comedy,até 30 de Junho,"Sextas, às 23h","<img src=""/templates/images/icon_pin_traced.svg"" class=""icon_pin"">Bixiga Comedy Club",https://www.sampaingressos.com.br/local/Bixiga%20Comedy%20Club__2842,80 minutos,https://www.sampaingressos.com.br/templates/images/14anos.svg,https://sampaingressos.com.br/fotosEspetaculos/foto_123455.jpg,Bixiga Comedy Club,"Rua Rui Barbosa, 574 - Bela Vista","R$ 20,00",100,"R$ 1.600,00"
Murilo Moraes - Stand-up Comedy,até 30 de Abril,"Domingos (exceto 09/04), às 19h","<img src=""/templates/images/icon_pin_traced.svg"" class=""icon_pin"">Bixiga Comedy Club",https://www.sampaingressos.com.br/local/Bixiga%20Comedy%20Club__2842,80 minutos,https://www.sampaingressos.com.br/templates/images/14anos.svg,https://sampaingressos.com.br/fotosEspetaculos/foto_123452.jpg,Bixiga Comedy Club,"Rua Rui Barbosa, 574 - Bela Vista","R$ 20,00",100,"R$ 1.600,00"
Terceira Opção,até 27 de Abril,"Quintas, às 21h","<img src=""/templates/images/icon_pin_traced.svg"" class=""icon_pin"">Acústico Comedy",https://www.sampaingressos.com.br/local/Ac%C3%BAstico%20Comedy__2749,90 minutos,https://www.sampaingressos.com.br/templates/images/16anos.svg,https://sampaingressos.com.br/fotosEspetaculos/foto_123475.jpg,Acústico Comedy (50 lugares),"Rua da Consolação, 2518 - Consolação","R$ 20,00",50,"R$ 800,00"
Festival do Riso  - Standup Comedy,até 30 de Abril,"Domingos (16/04) e (30/04), às 21h","<img src=""/templates/images/icon_pin_traced.svg"" class=""icon_pin"">Bixiga Comedy Club",https://www.sampaingressos.com.br/local/Bixiga%20Comedy%20Club__2842,80 minutos,https://www.sampaingressos.com.br/templates/images/14anos.svg,https://sampaingressos.com.br/fotosEspetaculos/foto_123476.jpg,Bixiga Comedy Club,"Rua Rui Barbosa, 574 - Bela Vista","R$ 15,00",100,"R$ 1.200,00"
Entra no Clima,Dia 29 de Abril (sábado),"Sábado, às 22h","<img src=""/templates/images/icon_pin_traced.svg"" class=""icon_pin"">Acústico Comedy",https://www.sampaingressos.com.br/local/Ac%C3%BAstico%20Comedy__2749,90 minutos,https://www.sampaingressos.com.br/templates/images/16anos.svg,https://sampaingressos.com.br/fotosEspetaculos/foto_123580.jpg,Acústico Comedy (50 lugares),"Rua da Consolação, 2518 - Consolação","R$ 20,00",50,"R$ 800,00"
Yuri Marçal - Gravação Especial,Dia 2 de Junho (sexta),às 20h.,"<img src=""/templates/images/icon_pin_traced.svg"" class=""icon_pin"">Teatro Bradesco",https://www.sampaingressos.com.br/local/Teatro%20Bradesco__213,90 minutos,https://www.sampaingressos.com.br/templates/images/14anos.svg,https://sampaingressos.com.br/fotosEspetaculos/foto_123635.png,Teatro Bradesco (1457 lugares),"Rua Palestra Itália, nº 500 - 3º Piso do Shopping Bourbon - Perdizes","R$ 60,00",1457,"R$ 69.936,00"
Noite da Comédia,até 27 de Maio,"Sábados, às 19h","<img src=""/templates/images/icon_pin_traced.svg"" class=""icon_pin"">Bixiga Comedy Club",https://www.sampaingressos.com.br/local/Bixiga%20Comedy%20Club__2842,80 minutos,https://www.sampaingressos.com.br/templates/images/14anos.svg,https://sampaingressos.com.br/fotosEspetaculos/foto_123783.jpg,Bixiga Comedy Club,"Rua Rui Barbosa, 574 - Bela Vista","R$ 20,00",100,"R$ 1.600,00"
Murilo Couto em Ideias Soltas,Dia 27 de Maio (sábado),"Sábado, às 21h","<img src=""/templates/images/icon_pin_traced.svg"" class=""icon_pin"">Teatro Caritas",https://www.sampaingressos.com.br/local/Teatro%20Caritas__1170,"<img width=""18"" src=""/templates/images/16anos.svg"" class=""img_classificacao"">16 anos",https://www.sampaingressos.com.br/templates/images/16anos.svg,https://sampaingressos.com.br/fotosEspetaculos/foto_123792.jpg,Teatro Caritas (504 lugares),"Rua Pedro Paulino dos Santos, 157 - São Mateus","R$ 45,00",504,"R$ 18.144,00"
"Um Banquinho Pra 3 - Marco Luque, Marlei Cevada e Cris Pereira",Dia 10 de Maio (quarta),"Quarta, às 20h.","<img src=""/templates/images/icon_pin_traced.svg"" class=""icon_pin"">Teatro das Artes",https://www.sampaingressos.com.br/local/Teatro%20das%20Artes__63,"<img width=""18"" src=""/templates/images/16anos.svg"" class=""img_classificacao"">16 anos",https://www.sampaingressos.com.br/templates/images/16anos.svg,https://sampaingressos.com.br/fotosEspetaculos/foto_123799.jpg,Teatro das Artes (769 lugares),"Avenida Rebouças, 3970 (Shopping Eldorado) - Pinheiros","R$ 50,00",769,"R$ 30.760,00"
Cacau Protásio,Estreia dia 1 de Julho (sábado). até 2 de Julho,"Sábado, às 20h e domingo, às 19h.","<img src=""/templates/images/icon_pin_traced.svg"" class=""icon_pin"">Teatro Gazeta",https://www.sampaingressos.com.br/local/Teatro%20Gazeta__28,60 minutos,https://www.sampaingressos.com.br/templates/images/12anos.svg,https://sampaingressos.com.br/fotosEspetaculos/foto_123821.jpg,Teatro Gazeta (700 lugares),"Avenida Paulista, 900 - Térreo (Próximo da estação Trianon-Masp do Metrô) - Cerqueira César","R$ 35,00",700,"R$ 19.600,00"
Marcelo Marrom - A Estranha Mania de Ser Feliz,Dia 6 de Maio (sábado),"Sábado, às 21h.","<img src=""/templates/images/icon_pin_traced.svg"" class=""icon_pin"">Teatro Fernando Torres",https://www.sampaingressos.com.br/local/Teatro%20Fernando%20Torres__923,"<img width=""18"" src=""/templates/images/16anos.svg"" class=""img_classificacao"">16 anos",https://www.sampaingressos.com.br/templates/images/16anos.svg,https://sampaingressos.com.br/fotosEspetaculos/foto_123832.jpg,Teatro Fernando Torres (685 lugares),"Rua Padre Estevão Pernet, 588 - Tatuapé","R$ 35,00",685,"R$ 19.180,00"
Noite Nordestina,Estreia dia 6 de Maio (sábado). até 27 de Maio,"Sábados, às 23h","<img src=""/templates/images/icon_pin_traced.svg"" class=""icon_pin"">Teatro Santo Agostinho",https://www.sampaingressos.com.br/local/Teatro%20Santo%20Agostinho__59,90 minutos,https://www.sampaingressos.com.br/templates/images/livre.svg,https://sampaingressos.com.br/fotosEspetaculos/foto_123937.png,Teatro Santo Agostinho (680 lugares),"Rua Apeninos, 118 (próx. estação Vergueiro do Metrô) - Liberdade","R$ 50,00",680,"R$ 27.200,00"
"Noite de comédia - Thiago, Kelvin, Ariano e Dênio",Dia 29 de Abril (sábado),"Abertura da casa às 19h, Show time às 21h","<img src=""/templates/images/icon_pin_traced.svg"" class=""icon_pin"">Oz Comedy",https://www.sampaingressos.com.br/local/Oz%20Comedy__1000084,60 minutos.,https://www.sampaingressos.com.br/templates/images/18anos.svg,https://sampaingressos.com.br/fotosEspetaculos/foto_124052.jpg,Oz Comedy (125 lugares),"Av. Dionysia Alves Barreto, 500 - loja 1 e 26 - Vila Osasco","R$ 12,00",125,"R$ 1.200,00"
Foca Nelas em Jandira - Direto da Praça é nossa,Dia 30 de Abril (domingo),"Domingo, às 20h","<img src=""/templates/images/icon_pin_traced.svg"" class=""icon_pin"">Gastro Comedy Jandira",https://www.sampaingressos.com.br/local/Gastro%20Comedy%20Jandira__1000120,70 minutos.,https://www.sampaingressos.com.br/templates/images/14anos.svg,https://sampaingressos.com.br/fotosEspetaculos/foto_124061.jpg,Gastro Comedy Jandira,"Estrada Fernando Nobre, 858 - Jandira","R$ 15,00",200,"R$ 2.400,00"
Dinho machado em Osasco - Comédia com Pagode (Um ano de O Z Comedy),Dia 4 de Maio (quinta),"Quinta, às 21h","<img src=""/templates/images/icon_pin_traced.svg"" class=""icon_pin"">Oz Comedy",https://www.sampaingressos.com.br/local/Oz%20Comedy__1000084,60 minutos,https://www.sampaingressos.com.br/templates/images/18anos.svg,https://sampaingressos.com.br/fotosEspetaculos/foto_124117.jpg,Oz Comedy (125 lugares),"Av. Dionysia Alves Barreto, 500 - loja 1 e 26 - Vila Osasco","R$ 80,00",125,"R$ 8.000,00"
Na Pegada da Comédia - Especial Personagens em Poá,Dia 28 de Maio (domingo),"Domingo, às 19h.","<img src=""/templates/images/icon_pin_traced.svg"" class=""icon_pin"">Teatro Municipal de Poá - Turíbio Ruiz",https://www.sampaingressos.com.br/local/Teatro%20Municipal%20de%20Po%C3%A1%20-%20Tur%C3%ADbio%20Ruiz__1000144,"<img width=""18"" src=""/templates/images/16anos.svg"" class=""img_classificacao"">16 anos",https://www.sampaingressos.com.br/templates/images/16anos.svg,https://sampaingressos.com.br/fotosEspetaculos/foto_124037.jpeg,Teatro Municipal de Poá - Turíbio Ruiz,"Avenida Antônio Massa, 331 - Centro Poá","R$ 20,00",500,"R$ 8.000,00"
Rodrigo Marques em Mogi das Cruzes,Dia 5 de Maio (sexta),"Sexta, às 20h","<img src=""/templates/images/icon_pin_traced.svg"" class=""icon_pin"">Theatro Vasques",https://www.sampaingressos.com.br/local/Theatro%20Vasques__2165,70 minutos.,https://www.sampaingressos.com.br/templates/images/16anos.svg,,Theatro Vasques,"R. Dr. Corrêa, 515 - Centro","R$ 50,00",300,"R$ 12.000,00"
Renato Albani no Teatro Renaissance,até 30 de Abril,"Domingos (09/04, 16/04, 23/04 e 30/04), às 20h30","<img src=""/templates/images/icon_pin_traced.svg"" class=""icon_pin"">Teatro Renaissance",https://www.sampaingressos.com.br/local/Teatro%20Renaissance__47,60 minutos.,https://www.sampaingressos.com.br/templates/images/16anos.svg,https://sampaingressos.com.br/fotosEspetaculos/foto_114653.jpg,Teatro Renaissance (440 lugares),"Alameda Santos, 2233 - Cerqueira César","R$ 80,00",440,"R$ 28.160,00"
Vamu Ri - Emerson França,Dia 11 de Maio (quinta),"Quinta, às 20h30","<img src=""/templates/images/icon_pin_traced.svg"" class=""icon_pin"">Teatro Gazeta",https://www.sampaingressos.com.br/local/Teatro%20Gazeta__28,"<img width=""18"" src=""/templates/images/14anos.svg"" class=""img_classificacao"">14 anos",https://www.sampaingressos.com.br/templates/images/14anos.svg,https://sampaingressos.com.br/fotosEspetaculos/foto_117298.jpg,Teatro Gazeta (700 lugares),"Avenida Paulista, 900 - Térreo (Próximo da estação Trianon-Masp do Metrô) - Cerqueira César","R$ 60,00",700,"R$ 33.600,00"
Rafael Cortez Stand-up Comedy,Dia 12 de Maio (sexta),"Sexta, às 21h","<img src=""/templates/images/icon_pin_traced.svg"" class=""icon_pin"">Comedy Sampa Club",https://www.sampaingressos.com.br/local/Comedy%20Sampa%20Club__2555,80 minutos,https://www.sampaingressos.com.br/templates/images/16anos.svg,https://sampaingressos.com.br/fotosEspetaculos/foto_118327.jpg,Comedy Sampa Club,"Rua Domingos de Morais, 348 - Vila Mariana","R$ 29,90",500,"R$ 11.960,00"
Contando Histórias - Rogério Berê,Dia 11 de Maio (quinta),"Quinta, às 21h35","<img src=""/templates/images/icon_pin_traced.svg"" class=""icon_pin"">Bixiga Comedy Club",https://www.sampaingressos.com.br/local/Bixiga%20Comedy%20Club__2842,80 minutos,https://www.sampaingressos.com.br/templates/images/16anos.svg,https://sampaingressos.com.br/fotosEspetaculos/foto_123931.jpg,Bixiga Comedy Club,"Rua Rui Barbosa, 574 - Bela Vista","R$ 20,00",100,"R$ 1.600,00"
Jhordan Matheus,Dia 21 de Maio (domingo),"Domingo, às 20h30","<img src=""/templates/images/icon_pin_traced.svg"" class=""icon_pin"">Teatro Renaissance",https://www.sampaingressos.com.br/local/Teatro%20Renaissance__47,70 minutos.,https://www.sampaingressos.com.br/templates/images/14anos.svg,https://sampaingressos.com.br/fotosEspetaculos/foto_123299.jpg,Teatro Renaissance (440 lugares),"Alameda Santos, 2233 - Cerqueira César","R$ 35,00",440,"R$ 12.320,00"
André Santi - Stand-up Comedy - Desevolução,Dia 5 de Maio (sexta),"Sexta, às 21h (a casa abre às 19h)","<img src=""/templates/images/icon_pin_traced.svg"" class=""icon_pin"">Comedy Sampa Club",https://www.sampaingressos.com.br/local/Comedy%20Sampa%20Club__2555,"<img width=""18"" src=""/templates/images/16anos.svg"" class=""img_classificacao"">16 anos",https://www.sampaingressos.com.br/templates/images/16anos.svg,https://sampaingressos.com.br/fotosEspetaculos/foto_122471.jpg,Comedy Sampa Club,"Rua Domingos de Morais, 348 - Vila Mariana","R$ 34,90",500,"R$ 13.960,00"
Junior Chicó - Testando o Novo Show,Dia 7 de Maio (domingo),"Domingo, às 19h30 (a casa abre às 18h)","<img src=""/templates/images/icon_pin_traced.svg"" class=""icon_pin"">Comedy Sampa Club",https://www.sampaingressos.com.br/local/Comedy%20Sampa%20Club__2555,60 minutos.,https://www.sampaingressos.com.br/templates/images/16anos.svg,https://sampaingressos.com.br/fotosEspetaculos/foto_122757.jpg,Comedy Sampa Club,"Rua Domingos de Morais, 348 - Vila Mariana","R$ 39,90",500,"R$ 15.960,00"
HisteRia,até 28 de Abril,"Sextas, às 21h","<img src=""/templates/images/icon_pin_traced.svg"" class=""icon_pin"">Teatro Raposo Shopping",https://www.sampaingressos.com.br/local/Teatro%20Raposo%20Shopping__1882,"<img width=""18"" src=""/templates/images/14anos.svg"" class=""img_classificacao"">14 anos",https://www.sampaingressos.com.br/templates/images/14anos.svg,https://sampaingressos.com.br/fotosEspetaculos/foto_122815.jpg,Teatro Raposo Shopping (252 lugares),"Rodovia Raposo Tavares, km 14,5 - Sala Irene Ravache - Piso Cinema - Jd. Boa Vista","R$ 29,00",252,"R$ 5.846,40"
Niny Magalhães - Uma Mãe Vida Loka,Dia 28 de Maio (domingo),"Domingo, às 19h30","<img src=""/templates/images/icon_pin_traced.svg"" class=""icon_pin"">Comedy Sampa Club",https://www.sampaingressos.com.br/local/Comedy%20Sampa%20Club__2555,60 minutos,https://www.sampaingressos.com.br/templates/images/16anos.svg,https://sampaingressos.com.br/fotosEspetaculos/foto_122983.jpg,Comedy Sampa Club,"Rua Domingos de Morais, 348 - Vila Mariana","R$ 40,00",500,"R$ 16.000,00"
Kedny Silva em Guarulhos,Dia 29 de Abril (sábado),às 20h30.,"<img src=""/templates/images/icon_pin_traced.svg"" class=""icon_pin"">Um Show Comedy Guarulhos",https://www.sampaingressos.com.br/local/Um%20Show%20Comedy%20Guarulhos__2927,70 minutos,https://www.sampaingressos.com.br/templates/images/18anos.svg,https://sampaingressos.com.br/fotosEspetaculos/foto_123087.png,Um Show Comedy Guarulhos,"Rua Anice 242, Guarulhos - Santa Mena","R$ 60,00",250,"R$ 12.000,00"
Fabiano Cambota em Barueri,Dia 18 de Agosto (sexta),"Sexta, às 21h.","<img src=""/templates/images/icon_pin_traced.svg"" class=""icon_pin"">Centro de Eventos de Barueri",https://www.sampaingressos.com.br/local/Centro%20de%20Eventos%20de%20Barueri__783,70 minutos,https://www.sampaingressos.com.br/templates/images/16anos.svg,https://sampaingressos.com.br/fotosEspetaculos/foto_123091.jpg,Centro de Eventos de Barueri,"Avenida Pastor Sebastião Davino dos Reis, 672 - Barueri","R$ 50,00",500,"R$ 20.000,00"
Junior Chicó em Suzano,Dia 16 de Maio (terça),"Terça, às 20h30","<img src=""/templates/images/icon_pin_traced.svg"" class=""icon_pin"">Adega 33 Suzano",https://www.sampaingressos.com.br/local/Adega%2033%20Suzano__2865,70 minutos,https://www.sampaingressos.com.br/templates/images/18anos.svg,https://sampaingressos.com.br/fotosEspetaculos/foto_123095.png,Adega 33 Suzano,"Rua Tiradentes,151 - ","R$ 70,00",0,"R$ 0,00"
De Volta à Quinta Série - Standup Comedy,até 25 de Maio,"Quintas (20/04 e 25/05), às 21h35","<img src=""/templates/images/icon_pin_traced.svg"" class=""icon_pin"">Bixiga Comedy Club",https://www.sampaingressos.com.br/local/Bixiga%20Comedy%20Club__2842,80 minutos,https://www.sampaingressos.com.br/templates/images/14anos.svg,https://sampaingressos.com.br/fotosEspetaculos/foto_123645.jpg,Bixiga Comedy Club,"Rua Rui Barbosa, 574 - Bela Vista","R$ 20,00",100,"R$ 1.600,00"
Delio Macnamara em Guarulhos,Dia 10 de Junho (sábado),"Sábado, às 20h","<img src=""/templates/images/icon_pin_traced.svg"" class=""icon_pin"">Um Show Comedy Guarulhos",https://www.sampaingressos.com.br/local/Um%20Show%20Comedy%20Guarulhos__2927,70 minutos.,https://www.sampaingressos.com.br/templates/images/18anos.svg,https://sampaingressos.com.br/fotosEspetaculos/foto_123226.jpg,Um Show Comedy Guarulhos,"Rua Anice 242, Guarulhos - Santa Mena","R$ 30,00",250,"R$ 6.000,00"
Falando Pelas Costas! Com Júnior Soares,Dia 20 de Maio (sábado),"Sábado, às 20h30","<img src=""/templates/images/icon_pin_traced.svg"" class=""icon_pin"">Beverly Comedy",https://www.sampaingressos.com.br/local/Beverly%20Comedy__2150,"<img width=""18"" src=""/templates/images/16anos.svg"" class=""img_classificacao"">16 anos",https://www.sampaingressos.com.br/templates/images/16anos.svg,https://sampaingressos.com.br/fotosEspetaculos/foto_123420.jpg,Beverly Comedy,"Av. Jurucê, 1001 - Moema","R$ 20,00",140,"R$ 2.240,00"
Incrivelmente - Hipnose com Comédia,Dia 28 de Abril (sexta),"Sexta, às 20h","<img src=""/templates/images/icon_pin_traced.svg"" class=""icon_pin"">Caracas Comedy Club Carapicuíba",https://www.sampaingressos.com.br/local/Caracas%20Comedy%20Club%20Carapicu%C3%ADba__2932,70 minutos.,https://www.sampaingressos.com.br/templates/images/14anos.svg,https://sampaingressos.com.br/fotosEspetaculos/foto_123660.jpg,Caracas Comedy Club Carapicuíba (150 lugares),"Estr. Ernestina Vieira, 149 - Plaza Shopping Carapicuíba - Vila Dirce","R$ 15,00",150,"R$ 1.800,00"
Umbanda Show,até 30 de Abril,"Domingos, às 19h30","<img src=""/templates/images/icon_pin_traced.svg"" class=""icon_pin"">Acústico Comedy",https://www.sampaingressos.com.br/local/Ac%C3%BAstico%20Comedy__2749,60 Minutos,https://www.sampaingressos.com.br/templates/images/18anos.svg,https://sampaingressos.com.br/fotosEspetaculos/foto_123460.jpg,Acústico Comedy (50 lugares),"Rua da Consolação, 2518 - Consolação","R$ 25,00",50,"R$ 1.000,00"
Renan da Resenha - Eeeixe!,Dia 26 de Maio (sexta),às 20h30.,"<img src=""/templates/images/icon_pin_traced.svg"" class=""icon_pin"">Comedy Sampa Club",https://www.sampaingressos.com.br/local/Comedy%20Sampa%20Club__2555,90 minutos,https://www.sampaingressos.com.br/templates/images/16anos.svg,https://sampaingressos.com.br/fotosEspetaculos/foto_123508.jpg,Comedy Sampa Club,"Rua Domingos de Morais, 348 - Vila Mariana","R$ 40,00",500,"R$ 16.000,00"
Abner Henrique,Dia 28 de Abril (sexta),"Sexta, às 22h","<img src=""/templates/images/icon_pin_traced.svg"" class=""icon_pin"">Acústico Comedy",https://www.sampaingressos.com.br/local/Ac%C3%BAstico%20Comedy__2749,90 minutos,https://www.sampaingressos.com.br/templates/images/16anos.svg,https://sampaingressos.com.br/fotosEspetaculos/foto_123461.jpg,Acústico Comedy (50 lugares),"Rua da Consolação, 2518 - Consolação","R$ 20,00",50,"R$ 800,00"
Pura Neurose,até 24 de Maio,"Quartas, às 21h","<img src=""/templates/images/icon_pin_traced.svg"" class=""icon_pin"">Acústico Comedy",https://www.sampaingressos.com.br/local/Ac%C3%BAstico%20Comedy__2749,90 minutos,https://www.sampaingressos.com.br/templates/images/16anos.svg,https://sampaingressos.com.br/fotosEspetaculos/foto_123578.jpg,Acústico Comedy (50 lugares),"Rua da Consolação, 2518 - Consolação","R$ 20,00",50,"R$ 800,00"
A última geração Raiz,Dia 29 de Abril (sábado),"Sábado, às 20h","<img src=""/templates/images/icon_pin_traced.svg"" class=""icon_pin"">Caracas Comedy Club Carapicuíba",https://www.sampaingressos.com.br/local/Caracas%20Comedy%20Club%20Carapicu%C3%ADba__2932,70 minutos,https://www.sampaingressos.com.br/templates/images/14anos.svg,https://sampaingressos.com.br/fotosEspetaculos/foto_123584.jpg,Caracas Comedy Club Carapicuíba (150 lugares),"Estr. Ernestina Vieira, 149 - Plaza Shopping Carapicuíba - Vila Dirce","R$ 12,00",150,"R$ 1.440,00"
Entre a Cruz e a Ressaca - Luciano Guima,Dia 29 de Abril (sábado),"Sábado, às 21h","<img src=""/templates/images/icon_pin_traced.svg"" class=""icon_pin"">Bixiga Comedy Club",https://www.sampaingressos.com.br/local/Bixiga%20Comedy%20Club__2842,80 minutos,https://www.sampaingressos.com.br/templates/images/14anos.svg,https://sampaingressos.com.br/fotosEspetaculos/foto_123631.jpg,Bixiga Comedy Club,"Rua Rui Barbosa, 574 - Bela Vista","R$ 20,00",100,"R$ 1.600,00"
Os Sócios,até 29 de Junho,"Quintas (13/04, 25/05, 01/06, 08/06, 15/06, 22/06 e 29/06), às 21h.","<img src=""/templates/images/icon_pin_traced.svg"" class=""icon_pin"">Teatro Shopping West Plaza - Sala Nicette Bruno",https://www.sampaingressos.com.br/local/Teatro%20Shopping%20West%20Plaza%20-%20Sala%20Nicette%20Bruno__2630,65 minutos.,https://www.sampaingressos.com.br/templates/images/16anos.svg,https://sampaingressos.com.br/fotosEspetaculos/foto_123662.jpg,Teatro Shopping West Plaza (120 lugares),"Av. Francisco Matarazzo, s/n - Bloco B - Praça de alimentação - Água Branca","R$ 32,90",120,"R$ 3.158,40"
"Acústico Convida: Rafael Cortez, Marcelo di Morais e Rogerio Berê",Dia 4 de Maio (quinta),"Quinta, às 21h","<img src=""/templates/images/icon_pin_traced.svg"" class=""icon_pin"">Acústico Comedy",https://www.sampaingressos.com.br/local/Ac%C3%BAstico%20Comedy__2749,90 minutos,https://www.sampaingressos.com.br/templates/images/16anos.svg,https://sampaingressos.com.br/fotosEspetaculos/foto_123694.jpg,Acústico Comedy (50 lugares),"Rua da Consolação, 2518 - Consolação","R$ 20,00",50,"R$ 800,00"
Edu Auguso em Cada um tem a Carol que Merece,Dia 13 de Maio (sábado),"Sábado, às 20h","<img src=""/templates/images/icon_pin_traced.svg"" class=""icon_pin"">Caracas Comedy Club Carapicuíba",https://www.sampaingressos.com.br/local/Caracas%20Comedy%20Club%20Carapicu%C3%ADba__2932,70 minutos,https://www.sampaingressos.com.br/templates/images/14anos.svg,https://sampaingressos.com.br/fotosEspetaculos/foto_123785.jpg,Caracas Comedy Club Carapicuíba (150 lugares),"Estr. Ernestina Vieira, 149 - Plaza Shopping Carapicuíba - Vila Dirce","R$ 15,00",150,"R$ 1.800,00"
Diego Becker e Paula Ayala em Carapicuíba,Dia 20 de Maio (sábado),"Sábado, às 20h","<img src=""/templates/images/icon_pin_traced.svg"" class=""icon_pin"">Caracas Comedy Club Carapicuíba",https://www.sampaingressos.com.br/local/Caracas%20Comedy%20Club%20Carapicu%C3%ADba__2932,70 minutos,https://www.sampaingressos.com.br/templates/images/14anos.svg,https://sampaingressos.com.br/fotosEspetaculos/foto_123786.jpg,Caracas Comedy Club Carapicuíba (150 lugares),"Estr. Ernestina Vieira, 149 - Plaza Shopping Carapicuíba - Vila Dirce","R$ 15,00",150,"R$ 1.800,00"
"São Mateus Comedy apresenta: Edu Montone, Vini Santos e Felipe Hatori",Dia 30 de Abril (domingo),"Domingo, às 19h30.","<img src=""/templates/images/icon_pin_traced.svg"" class=""icon_pin"">Teatro Caritas",https://www.sampaingressos.com.br/local/Teatro%20Caritas__1170,90 minutos,https://www.sampaingressos.com.br/templates/images/16anos.svg,https://sampaingressos.com.br/fotosEspetaculos/foto_123790.jpeg,Teatro Caritas (504 lugares),"Rua Pedro Paulino dos Santos, 157 - São Mateus","R$ 26,90",504,"R$ 10.846,08"
Umbanda Comedy Show,Dia 28 de Maio (domingo),"Domingo, às 19h30","<img src=""/templates/images/icon_pin_traced.svg"" class=""icon_pin"">Teatro Caritas",https://www.sampaingressos.com.br/local/Teatro%20Caritas__1170,90 minutos,https://www.sampaingressos.com.br/templates/images/livre.svg,https://sampaingressos.com.br/fotosEspetaculos/foto_123791.jpeg,Teatro Caritas (504 lugares),"Rua Pedro Paulino dos Santos, 157 - São Mateus","R$ 26,90",504,"R$ 10.846,08"
Léo Lins - Peste Branca,Dia 30 de Junho (sexta),"Sexta, às 21h","<img src=""/templates/images/icon_pin_traced.svg"" class=""icon_pin"">Teatro Gazeta",https://www.sampaingressos.com.br/local/Teatro%20Gazeta__28,70 minutos,https://www.sampaingressos.com.br/templates/images/14anos.svg,https://sampaingressos.com.br/fotosEspetaculos/foto_123822.jpg,Teatro Gazeta (700 lugares),"Avenida Paulista, 900 - Térreo (Próximo da estação Trianon-Masp do Metrô) - Cerqueira César","R$ 70,00",700,"R$ 39.200,00"
Evandro nunca fui Santo,Dia 30 de Junho (sexta),"Sexta, às 21h.","<img src=""/templates/images/icon_pin_traced.svg"" class=""icon_pin"">Comedy Sampa Club",https://www.sampaingressos.com.br/local/Comedy%20Sampa%20Club__2555,90 minutos,https://www.sampaingressos.com.br/templates/images/16anos.svg,https://sampaingressos.com.br/fotosEspetaculos/foto_123825.jpg,Comedy Sampa Club,"Rua Domingos de Morais, 348 - Vila Mariana","R$ 35,00",500,"R$ 14.000,00"
Rogério Morgado em Osasco,Sessão única hoje (quinta),"Quinta, às 21h (a casa abre às 19h)","<img src=""/templates/images/icon_pin_traced.svg"" class=""icon_pin"">Oz Comedy",https://www.sampaingressos.com.br/local/Oz%20Comedy__1000084,60 minutos,https://www.sampaingressos.com.br/templates/images/18anos.svg,https://sampaingressos.com.br/fotosEspetaculos/foto_124051.jpg,Oz Comedy (125 lugares),"Av. Dionysia Alves Barreto, 500 - loja 1 e 26 - Vila Osasco","R$ 40,00",125,"R$ 4.000,00"
Carol Delgado,Dia 20 de Maio (sábado),"Sábado, às 21h","<img src=""/templates/images/icon_pin_traced.svg"" class=""icon_pin"">Bixiga Comedy Club",https://www.sampaingressos.com.br/local/Bixiga%20Comedy%20Club__2842,80 minutos,https://www.sampaingressos.com.br/templates/images/16anos.svg,https://sampaingressos.com.br/fotosEspetaculos/foto_123820.jpg,Bixiga Comedy Club,"Rua Rui Barbosa, 574 - Bela Vista","R$ 25,00",100,"R$ 2.000,00"
Vem com o Pai - Bruno Ferreira,Dia 7 de Maio (domingo),"Domingo, às 20h","<img src=""/templates/images/icon_pin_traced.svg"" class=""icon_pin"">Lilith Comedy Club",https://www.sampaingressos.com.br/local/Lilith%20Comedy%20Club__2780,70 minutos.,https://www.sampaingressos.com.br/templates/images/14anos.svg,https://sampaingressos.com.br/fotosEspetaculos/foto_123875.jpg,Lilith Comedy Club,"Av. Professor Luiz Ignácio Anhaia Mello, 1506 - Vila Prudente","R$ 15,00",50,"R$ 600,00"
Matinê Show - Standup Comedy,Dia 21 de Maio (domingo),"Domingo, às 19h","<img src=""/templates/images/icon_pin_traced.svg"" class=""icon_pin"">Bixiga Comedy Club",https://www.sampaingressos.com.br/local/Bixiga%20Comedy%20Club__2842,80 minutos,https://www.sampaingressos.com.br/templates/images/14anos.svg,https://sampaingressos.com.br/fotosEspetaculos/foto_124024.jpg,Bixiga Comedy Club,"Rua Rui Barbosa, 574 - Bela Vista","R$ 20,00",100,"R$ 1.600,00"
Soco no Zóio,Sessão única hoje (quinta),às 20h30.,"<img src=""/templates/images/icon_pin_traced.svg"" class=""icon_pin"">Um Show Comedy Guarulhos",https://www.sampaingressos.com.br/local/Um%20Show%20Comedy%20Guarulhos__2927,70 minutos.,https://www.sampaingressos.com.br/templates/images/18anos.svg,https://sampaingressos.com.br/fotosEspetaculos/foto_123900.jpg,Um Show Comedy Guarulhos,"Rua Anice 242, Guarulhos - Santa Mena","R$ 40,00",250,"R$ 8.000,00"
Comédia Standelas,Dia 28 de Abril (sexta),"Sexta, às 20h30.","<img src=""/templates/images/icon_pin_traced.svg"" class=""icon_pin"">Um Show Comedy Guarulhos",https://www.sampaingressos.com.br/local/Um%20Show%20Comedy%20Guarulhos__2927,70 minutos.,https://www.sampaingressos.com.br/templates/images/18anos.svg,https://sampaingressos.com.br/fotosEspetaculos/foto_123901.jpg,Um Show Comedy Guarulhos,"Rua Anice 242, Guarulhos - Santa Mena","R$ 40,00",250,"R$ 8.000,00"
Antes Só do que Mal Casado,Estreia dia 6 de Maio (sábado). até 24 de Junho,"Sábados, às 21h","<img src=""/templates/images/icon_pin_traced.svg"" class=""icon_pin"">Teatro Raposo Shopping",https://www.sampaingressos.com.br/local/Teatro%20Raposo%20Shopping__1882,"<img width=""18"" src=""/templates/images/14anos.svg"" class=""img_classificacao"">14 anos",https://www.sampaingressos.com.br/templates/images/14anos.svg,https://sampaingressos.com.br/fotosEspetaculos/foto_123903.jpg,Teatro Raposo Shopping (252 lugares),"Rodovia Raposo Tavares, km 14,5 - Sala Irene Ravache - Piso Cinema - Jd. Boa Vista","R$ 29,00",252,"R$ 5.846,40"
Em Pé Na Rede em Guarulhos,Dia 4 de Maio (quinta),às 20h30.,"<img src=""/templates/images/icon_pin_traced.svg"" class=""icon_pin"">Um Show Comedy Guarulhos",https://www.sampaingressos.com.br/local/Um%20Show%20Comedy%20Guarulhos__2927,70 minutos.,https://www.sampaingressos.com.br/templates/images/18anos.svg,https://sampaingressos.com.br/fotosEspetaculos/foto_123906.jpg,Um Show Comedy Guarulhos,"Rua Anice 242, Guarulhos - Santa Mena","R$ 40,00",250,"R$ 8.000,00"
Evandro em: Nunca Fui Santo,Dia 20 de Maio (sábado),"Sábado, às 22h30","<img src=""/templates/images/icon_pin_traced.svg"" class=""icon_pin"">Teatro Gazeta",https://www.sampaingressos.com.br/local/Teatro%20Gazeta__28,"<img width=""18"" src=""/templates/images/16anos.svg"" class=""img_classificacao"">16 anos",https://www.sampaingressos.com.br/templates/images/16anos.svg,https://sampaingressos.com.br/fotosEspetaculos/foto_123936.png,Teatro Gazeta (700 lugares),"Avenida Paulista, 900 - Térreo (Próximo da estação Trianon-Masp do Metrô) - Cerqueira César","R$ 40,00",700,"R$ 22.400,00"
Rafael Cortez Stand-up Comedy na Zona Norte,Dia 26 de Maio (sexta),"Sexta, às 21h","<img src=""/templates/images/icon_pin_traced.svg"" class=""icon_pin"">Teatro Sir Isaac Newton",https://www.sampaingressos.com.br/local/Teatro%20Sir%20Isaac%20Newton__2053,80 minutos,https://www.sampaingressos.com.br/templates/images/16anos.svg,https://sampaingressos.com.br/fotosEspetaculos/foto_123959.jpg,Teatro Sir Isaac Newton,"Avenida Julio Buono, 2407 - Vila Gustavo","R$ 29,90",550,"R$ 13.156,00"
Doidas e Divas - Standup Comedy,Dia 4 de Maio (quinta),"Quinta, às 21h30","<img src=""/templates/images/icon_pin_traced.svg"" class=""icon_pin"">Bixiga Comedy Club",https://www.sampaingressos.com.br/local/Bixiga%20Comedy%20Club__2842,80 minutos,https://www.sampaingressos.com.br/templates/images/14anos.svg,https://sampaingressos.com.br/fotosEspetaculos/foto_123932.jpg,Bixiga Comedy Club,"Rua Rui Barbosa, 574 - Bela Vista","R$ 20,00",100,"R$ 1.600,00"
Pritelo - To Quase Lá,Dia 12 de Maio (sexta),"Sexta, às 21h","<img src=""/templates/images/icon_pin_traced.svg"" class=""icon_pin"">Bixiga Comedy Club",https://www.sampaingressos.com.br/local/Bixiga%20Comedy%20Club__2842,80 minutos,https://www.sampaingressos.com.br/templates/images/14anos.svg,https://sampaingressos.com.br/fotosEspetaculos/foto_123933.jpg,Bixiga Comedy Club,"Rua Rui Barbosa, 574 - Bela Vista","R$ 20,00",100,"R$ 1.600,00"
Chama a Véia - Standup Comedy,Dia 7 de Maio (domingo),"Domingo, às 21h","<img src=""/templates/images/icon_pin_traced.svg"" class=""icon_pin"">Bixiga Comedy Club",https://www.sampaingressos.com.br/local/Bixiga%20Comedy%20Club__2842,80 minutos,https://www.sampaingressos.com.br/templates/images/14anos.svg,https://sampaingressos.com.br/fotosEspetaculos/foto_123934.jpg,Bixiga Comedy Club,"Rua Rui Barbosa, 574 - Bela Vista","R$ 9,90",100,"R$ 792,00"
André Assunção - Pai dos Gatos - Standup Comedy,Dia 5 de Maio (sexta),"Sexta, às 21h","<img src=""/templates/images/icon_pin_traced.svg"" class=""icon_pin"">Bixiga Comedy Club",https://www.sampaingressos.com.br/local/Bixiga%20Comedy%20Club__2842,80 minutos,https://www.sampaingressos.com.br/templates/images/14anos.svg,https://sampaingressos.com.br/fotosEspetaculos/foto_123955.jpg,Bixiga Comedy Club,"Rua Rui Barbosa, 574 - Bela Vista","R$ 30,00",100,"R$ 2.400,00"
Gêmeas: Ane e Viviana Freitas - Standup Comedy,Dia 7 de Maio (domingo),"Domingo, às 19h","<img src=""/templates/images/icon_pin_traced.svg"" class=""icon_pin"">Bixiga Comedy Club",https://www.sampaingressos.com.br/local/Bixiga%20Comedy%20Club__2842,80 minutos,https://www.sampaingressos.com.br/templates/images/14anos.svg,https://sampaingressos.com.br/fotosEspetaculos/foto_123962.jpg,Bixiga Comedy Club,"Rua Rui Barbosa, 574 - Bela Vista","R$ 20,00",100,"R$ 1.600,00"
Alessandro Berle - Show de Humor,Dia 26 de Maio (sexta),"Sexta, às 21h","<img src=""/templates/images/icon_pin_traced.svg"" class=""icon_pin"">Bixiga Comedy Club",https://www.sampaingressos.com.br/local/Bixiga%20Comedy%20Club__2842,80 minutos,https://www.sampaingressos.com.br/templates/images/16anos.svg,https://sampaingressos.com.br/fotosEspetaculos/foto_123969.jpg,Bixiga Comedy Club,"Rua Rui Barbosa, 574 - Bela Vista","R$ 20,00",100,"R$ 1.600,00"
Morando de Favor - Romarinho Ferreira - Dan Carvalho,Estreia dia 14 de Maio (domingo). até 18 de Maio,"Domingo, às 19h e Quinta, às 21h35","<img src=""/templates/images/icon_pin_traced.svg"" class=""icon_pin"">Bixiga Comedy Club",https://www.sampaingressos.com.br/local/Bixiga%20Comedy%20Club__2842,80 minutos,https://www.sampaingressos.com.br/templates/images/14anos.svg,https://sampaingressos.com.br/fotosEspetaculos/foto_123970.jpg,Bixiga Comedy Club,"Rua Rui Barbosa, 574 - Bela Vista","R$ 20,00",100,"R$ 1.600,00"
Piadas de Preto - Standup e Poesia,Dia 14 de Maio (domingo),"Domingo, às 21h","<img src=""/templates/images/icon_pin_traced.svg"" class=""icon_pin"">Bixiga Comedy Club",https://www.sampaingressos.com.br/local/Bixiga%20Comedy%20Club__2842,80 minutos,https://www.sampaingressos.com.br/templates/images/14anos.svg,https://sampaingressos.com.br/fotosEspetaculos/foto_124000.jpg,Bixiga Comedy Club,"Rua Rui Barbosa, 574 - Bela Vista","R$ 9,90",100,"R$ 792,00"
Vini Santos - Mãos a Obra - Standup Comedy,Dia 19 de Maio (sexta),"Sexta, às 21h","<img src=""/templates/images/icon_pin_traced.svg"" class=""icon_pin"">Bixiga Comedy Club",https://www.sampaingressos.com.br/local/Bixiga%20Comedy%20Club__2842,80 minutos,https://www.sampaingressos.com.br/templates/images/16anos.svg,https://sampaingressos.com.br/fotosEspetaculos/foto_123999.jpg,Bixiga Comedy Club,"Rua Rui Barbosa, 574 - Bela Vista","R$ 20,00",100,"R$ 1.600,00"
Marcelo Duque - Me tornei interessante,Dia 23 de Junho (sexta),"Sexta, às 21h.","<img src=""/templates/images/icon_pin_traced.svg"" class=""icon_pin"">Comedy Sampa Club",https://www.sampaingressos.com.br/local/Comedy%20Sampa%20Club__2555,70 minutos.,https://www.sampaingressos.com.br/templates/images/16anos.svg,https://sampaingressos.com.br/fotosEspetaculos/foto_124014.jpg,Comedy Sampa Club,"Rua Domingos de Morais, 348 - Vila Mariana","R$ 34,90",500,"R$ 13.960,00"
Sakaneando - Com Richard Sakamoto - Standup Comedy,Dia 13 de Maio (sábado),"Sábado, às 21h","<img src=""/templates/images/icon_pin_traced.svg"" class=""icon_pin"">Bixiga Comedy Club",https://www.sampaingressos.com.br/local/Bixiga%20Comedy%20Club__2842,80 minutos,https://www.sampaingressos.com.br/templates/images/14anos.svg,https://sampaingressos.com.br/fotosEspetaculos/foto_124012.jpg,Bixiga Comedy Club,"Rua Rui Barbosa, 574 - Bela Vista","R$ 20,00",100,"R$ 1.600,00"
Chama a Véia em Carapicuíba,Dia 26 de Maio (sexta),"Sexta, às 20h","<img src=""/templates/images/icon_pin_traced.svg"" class=""icon_pin"">Caracas Comedy Club Carapicuíba",https://www.sampaingressos.com.br/local/Caracas%20Comedy%20Club%20Carapicu%C3%ADba__2932,70 minutos,https://www.sampaingressos.com.br/templates/images/livre.svg,https://sampaingressos.com.br/fotosEspetaculos/foto_124013.jpg,Caracas Comedy Club Carapicuíba (150 lugares),"Estr. Ernestina Vieira, 149 - Plaza Shopping Carapicuíba - Vila Dirce","R$ 12,00",150,"R$ 1.440,00"
Bruno Ferreira em Jandira,Dia 27 de Maio (sábado),"Sábado, às 21h","<img src=""/templates/images/icon_pin_traced.svg"" class=""icon_pin"">Gastro Comedy Jandira",https://www.sampaingressos.com.br/local/Gastro%20Comedy%20Jandira__1000120,70 minutos.,https://www.sampaingressos.com.br/templates/images/14anos.svg,https://sampaingressos.com.br/fotosEspetaculos/foto_124060.jpg,Gastro Comedy Jandira,"Estrada Fernando Nobre, 858 - Jandira","R$ 12,00",200,"R$ 1.920,00"
Me dê 5 Estrelas - Kilbert Cesar,Dia 20 de Maio (sábado),"Sábado, às 22h","<img src=""/templates/images/icon_pin_traced.svg"" class=""icon_pin"">Acústico Comedy",https://www.sampaingressos.com.br/local/Ac%C3%BAstico%20Comedy__2749,90 minutos,https://www.sampaingressos.com.br/templates/images/16anos.svg,https://sampaingressos.com.br/fotosEspetaculos/foto_124063.jpg,Acústico Comedy (50 lugares),"Rua da Consolação, 2518 - Consolação","R$ 20,00",50,"R$ 800,00"
Noite de Elenco: Rindo Juntos,Dia 3 de Maio (quarta),"Quarta, às 20h30.","<img src=""/templates/images/icon_pin_traced.svg"" class=""icon_pin"">House of Legends Comedy",https://www.sampaingressos.com.br/local/House%20of%20Legends%20Comedy__1000113,"<img width=""18"" src=""/templates/images/16anos.svg"" class=""img_classificacao"">16 anos",https://www.sampaingressos.com.br/templates/images/16anos.svg,https://sampaingressos.com.br/fotosEspetaculos/foto_124065.jpeg,House of Legends Comedy,"R. Inácio Pereira da Rocha, 367 - Vila Madalena","R$ 14,99",0,"R$ 0,00"
Di Cardoso em: Pague o Aluguel - Stand up Comedy,Dia 6 de Maio (sábado),"Sábado, às 20h30","<img src=""/templates/images/icon_pin_traced.svg"" class=""icon_pin"">Beverly Comedy",https://www.sampaingressos.com.br/local/Beverly%20Comedy__2150,70 minutos,https://www.sampaingressos.com.br/templates/images/14anos.svg,https://sampaingressos.com.br/fotosEspetaculos/foto_124079.jpg,Beverly Comedy,"Av. Jurucê, 1001 - Moema","R$ 19,90",140,"R$ 2.228,80"
Abner Henrique - Quanta Blasfêmia,Dia 27 de Maio (sábado),"Sábado, às 21h","<img src=""/templates/images/icon_pin_traced.svg"" class=""icon_pin"">Bixiga Comedy Club",https://www.sampaingressos.com.br/local/Bixiga%20Comedy%20Club__2842,80 minutos,https://www.sampaingressos.com.br/templates/images/14anos.svg,https://sampaingressos.com.br/fotosEspetaculos/foto_124090.jpg,Bixiga Comedy Club,"Rua Rui Barbosa, 574 - Bela Vista","R$ 20,00",100,"R$ 1.600,00"
"Rodrigo Cáceres no stand-up com imitações: eu, tu, voz, eles",Dia 9 de Junho (sexta),"Sexta, às 21h.","<img src=""/templates/images/icon_pin_traced.svg"" class=""icon_pin"">Comedy Sampa Club",https://www.sampaingressos.com.br/local/Comedy%20Sampa%20Club__2555,80 minutos.,https://www.sampaingressos.com.br/templates/images/16anos.svg,https://sampaingressos.com.br/fotosEspetaculos/foto_124092.jpg,Comedy Sampa Club,"Rua Domingos de Morais, 348 - Vila Mariana","R$ 29,90",500,"R$ 11.960,00"
Noite da (des)graça no Lilith Comedy,Dia 29 de Abril (sábado),"Sábado, às 21h.","<img src=""/templates/images/icon_pin_traced.svg"" class=""icon_pin"">Lilith Comedy Club",https://www.sampaingressos.com.br/local/Lilith%20Comedy%20Club__2780,"<img width=""18"" src=""/templates/images/18anos.svg"" class=""img_classificacao"">18 anos",https://www.sampaingressos.com.br/templates/images/18anos.svg,https://sampaingressos.com.br/fotosEspetaculos/foto_124093.jpg,Lilith Comedy Club,"Av. Professor Luiz Ignácio Anhaia Mello, 1506 - Vila Prudente","R$ 14,90",50,"R$ 596,00"
André Santi Em Osasco - DESevolução,Dia 11 de Maio (quinta),"Abertura da casa às 19h, Show time às 21h","<img src=""/templates/images/icon_pin_traced.svg"" class=""icon_pin"">Oz Comedy",https://www.sampaingressos.com.br/local/Oz%20Comedy__1000084,60 minutos,https://www.sampaingressos.com.br/templates/images/18anos.svg,https://sampaingressos.com.br/fotosEspetaculos/foto_124120.jpg,Oz Comedy (125 lugares),"Av. Dionysia Alves Barreto, 500 - loja 1 e 26 - Vila Osasco","R$ 35,00",125,"R$ 3.500,00"
Di Cardoso em Osasco - Show  Pague o Aluguel,Dia 12 de Maio (sexta),"Abertura da casa às 19h, Show time às 21h","<img src=""/templates/images/icon_pin_traced.svg"" class=""icon_pin"">Oz Comedy",https://www.sampaingressos.com.br/local/Oz%20Comedy__1000084,60 minutos,https://www.sampaingressos.com.br/templates/images/18anos.svg,https://sampaingressos.com.br/fotosEspetaculos/foto_124121.jpg,Oz Comedy (125 lugares),"Av. Dionysia Alves Barreto, 500 - loja 1 e 26 - Vila Osasco","R$ 80,00",125,"R$ 8.000,00"
Confraria Comedy em Osasco,Dia 19 de Maio (sexta),"Abertura da casa às 19h, Show time às 21h","<img src=""/templates/images/icon_pin_traced.svg"" class=""icon_pin"">Oz Comedy",https://www.sampaingressos.com.br/local/Oz%20Comedy__1000084,60 minutos,https://www.sampaingressos.com.br/templates/images/18anos.svg,https://sampaingressos.com.br/fotosEspetaculos/foto_124123.jpg,Oz Comedy (125 lugares),"Av. Dionysia Alves Barreto, 500 - loja 1 e 26 - Vila Osasco","R$ 80,00",125,"R$ 8.000,00"
Hospedaria Comedy - Comédia Stand Up,Dia 6 de Maio (sábado),às 21h.,"<img src=""/templates/images/icon_pin_traced.svg"" class=""icon_pin"">Lilith Comedy Club",https://www.sampaingressos.com.br/local/Lilith%20Comedy%20Club__2780,"<img width=""18"" src=""/templates/images/18anos.svg"" class=""img_classificacao"">18 anos",https://www.sampaingressos.com.br/templates/images/18anos.svg,https://sampaingressos.com.br/fotosEspetaculos/foto_124148.jpeg,Lilith Comedy Club,"Av. Professor Luiz Ignácio Anhaia Mello, 1506 - Vila Prudente","R$ 19,90",50,"R$ 796,00"
,,,,,,,,,,,,
,,,,,,,,,,,,"R$ 1.318.772,16"